origem,destino,tipo,distancia,escalas,caminho_str,origem_pais,destino_pais
PDP,AEP,Azul→Gol,1499.4258137613972,1,PDP → POA → AEP,UY,AR
AEP,PDP,Gol→Azul,1499.4258137613972,1,AEP → POA → PDP,AR,UY
PDP,EZE,Azul→Gol,1525.8961371502212,1,PDP → POA → EZE,UY,AR
EZE,PDP,Gol→Azul,1525.8961371502212,1,EZE → POA → PDP,AR,UY
PDP,ROS,Azul→Gol,1618.6215278186064,1,PDP → POA → ROS,UY,AR
ROS,PDP,Gol→Azul,1618.6215278186064,1,ROS → POA → PDP,AR,UY
AQA,AEP,Azul→Gol,1890.1956420952492,2,AQA → VCP → POA → AEP,BR,AR
AEP,AQA,Gol→Azul,1890.1956420952492,2,AEP → POA → VCP → AQA,AR,BR
PDP,COR,Azul→Gol,1906.1261158134107,1,PDP → POA → COR,UY,AR
COR,PDP,Gol→Azul,1906.1261158134107,1,COR → POA → PDP,AR,UY
AQA,EZE,Azul→Gol,1916.6659654840732,2,AQA → VCP → POA → EZE,BR,AR
EZE,AQA,Gol→Azul,1916.6659654840732,2,EZE → POA → VCP → AQA,AR,BR
AEP,UMU,Gol→Azul,1918.7379238842004,3,AEP → POA → FLN → CWB → UMU,AR,BR
UMU,AEP,Azul→Gol,1918.7379238842009,3,UMU → CWB → FLN → POA → AEP,BR,AR
JTC,AEP,Azul→Gol,1943.023146618581,2,JTC → VCP → POA → AEP,BR,AR
AEP,JTC,Gol→Azul,1943.023146618581,2,AEP → POA → VCP → JTC,AR,BR
EZE,UMU,Gol→Azul,1945.2082472730244,3,EZE → POA → FLN → CWB → UMU,AR,BR
UMU,EZE,Azul→Gol,1945.2082472730249,3,UMU → CWB → FLN → POA → EZE,BR,AR
JTC,EZE,Azul→Gol,1969.493470007405,2,JTC → VCP → POA → EZE,BR,AR
EZE,JTC,Gol→Azul,1969.493470007405,2,EZE → POA → VCP → JTC,AR,BR
AQA,ROS,Azul→Gol,1976.1857126663704,2,AQA → VCP → CGH → ROS,BR,AR
ROS,AQA,Gol→Azul,1976.1857126663704,2,ROS → CGH → VCP → AQA,AR,BR
FRC,AEP,Azul→Gol,1997.8139595934,2,FRC → VCP → POA → AEP,BR,AR
AEP,FRC,Gol→Azul,1997.8139595934,2,AEP → POA → VCP → FRC,AR,BR
MII,AEP,Azul→Gol,2023.4676742936444,2,MII → VCP → POA → AEP,BR,AR
AEP,MII,Gol→Azul,2023.4676742936444,2,AEP → POA → VCP → MII,AR,BR
FRC,EZE,Azul→Gol,2024.284282982224,2,FRC → VCP → POA → EZE,BR,AR
EZE,FRC,Gol→Azul,2024.284282982224,2,EZE → POA → VCP → FRC,AR,BR
JTC,ROS,Azul→Gol,2029.013217189702,2,JTC → VCP → CGH → ROS,BR,AR
ROS,JTC,Gol→Azul,2029.013217189702,2,ROS → CGH → VCP → JTC,AR,BR
UMU,ROS,Azul→Gol,2037.9336379414096,3,UMU → CWB → FLN → POA → ROS,BR,AR
ROS,UMU,Gol→Azul,2037.9336379414096,3,ROS → POA → FLN → CWB → UMU,AR,BR
MII,EZE,Azul→Gol,2049.9379976824684,2,MII → VCP → POA → EZE,BR,AR
EZE,MII,Gol→Azul,2049.9379976824684,2,EZE → POA → VCP → MII,AR,BR
FRC,ROS,Azul→Gol,2083.804030164521,2,FRC → VCP → CGH → ROS,BR,AR
ROS,FRC,Gol→Azul,2083.804030164521,2,ROS → CGH → VCP → FRC,AR,BR
AQA,VVI,Azul→Gol,2097.637524456706,2,AQA → VCP → GRU → VVI,BR,BO
VVI,AQA,Gol→Azul,2097.637524456706,2,VVI → GRU → VCP → AQA,BO,BR
MII,ROS,Azul→Gol,2109.4577448647656,2,MII → VCP → CGH → ROS,BR,AR
ROS,MII,Gol→Azul,2109.4577448647656,2,ROS → CGH → VCP → MII,AR,BR
JTC,VVI,Azul→Gol,2150.465028980037,2,JTC → VCP → GRU → VVI,BR,BO
VVI,JTC,Gol→Azul,2150.465028980037,2,VVI → GRU → VCP → JTC,BO,BR
COR,AQA,Gol→Azul,2179.719689693493,2,COR → CGH → VCP → AQA,AR,BR
AQA,COR,Azul→Gol,2179.7196896934934,2,AQA → VCP → CGH → COR,BR,AR
FRC,VVI,Azul→Gol,2205.255841954857,2,FRC → VCP → GRU → VVI,BR,BO
VVI,FRC,Gol→Azul,2205.255841954857,2,VVI → GRU → VCP → FRC,BO,BR
MII,VVI,Azul→Gol,2230.909556655101,2,MII → VCP → GRU → VVI,BR,BO
VVI,MII,Gol→Azul,2230.909556655101,2,VVI → GRU → VCP → MII,BO,BR
JTC,COR,Azul→Gol,2232.5471942168247,2,JTC → VCP → CGH → COR,BR,AR
COR,JTC,Gol→Azul,2232.5471942168247,2,COR → CGH → VCP → JTC,AR,BR
FRC,COR,Azul→Gol,2287.338007191644,2,FRC → VCP → CGH → COR,BR,AR
COR,FRC,Gol→Azul,2287.338007191644,2,COR → CGH → VCP → FRC,AR,BR
DIQ,AEP,Azul→Gol,2301.51216482112,2,DIQ → CNF → CGH → AEP,BR,AR
AEP,DIQ,Gol→Azul,2301.51216482112,2,AEP → CGH → CNF → DIQ,AR,BR
MII,COR,Azul→Gol,2312.991721891888,2,MII → VCP → CGH → COR,BR,AR
COR,MII,Gol→Azul,2312.991721891888,2,COR → CGH → VCP → MII,AR,BR
UMU,COR,Azul→Gol,2325.438225936214,3,UMU → CWB → FLN → POA → COR,BR,AR
COR,UMU,Gol→Azul,2325.438225936214,3,COR → POA → FLN → CWB → UMU,AR,BR
DIQ,EZE,Azul→Gol,2330.2236162516183,2,DIQ → CNF → CGH → EZE,BR,AR
EZE,DIQ,Gol→Azul,2330.2236162516183,2,EZE → CGH → CNF → DIQ,AR,BR
IPN,AEP,Azul→Gol,2340.342166471486,2,IPN → CNF → CGH → AEP,BR,AR
AEP,IPN,Gol→Azul,2340.342166471486,2,AEP → CGH → CNF → IPN,AR,BR
DIQ,ROS,Azul→Gol,2360.5769308149347,2,DIQ → CNF → GRU → ROS,BR,AR
ROS,DIQ,Gol→Azul,2360.5769308149347,2,ROS → GRU → CNF → DIQ,AR,BR
IPN,EZE,Azul→Gol,2369.053617901984,2,IPN → CNF → CGH → EZE,BR,AR
EZE,IPN,Gol→Azul,2369.0536179019846,2,EZE → CGH → CNF → IPN,AR,BR
IPN,ROS,Azul→Gol,2399.4069324653005,2,IPN → CNF → GRU → ROS,BR,AR
ROS,IPN,Gol→Azul,2399.406932465301,2,ROS → GRU → CNF → IPN,AR,BR
DIQ,VVI,Azul→Gol,2456.557289821728,2,DIQ → CNF → GRU → VVI,BR,BO
VVI,DIQ,Gol→Azul,2456.557289821728,2,VVI → GRU → CNF → DIQ,BO,BR
POJ,AEP,Azul→Gol,2475.0330487571027,2,POJ → CNF → CGH → AEP,BR,AR
AEP,POJ,Gol→Azul,2475.0330487571027,2,AEP → CGH → CNF → POJ,AR,BR
IPN,VVI,Azul→Gol,2495.387291472094,2,IPN → CNF → GRU → VVI,BR,BO
VVI,IPN,Gol→Azul,2495.387291472094,2,VVI → GRU → CNF → IPN,BO,BR
POJ,EZE,Azul→Gol,2503.7445001876013,2,POJ → CNF → CGH → EZE,BR,AR
EZE,POJ,Gol→Azul,2503.7445001876013,2,EZE → CGH → CNF → POJ,AR,BR
POJ,ROS,Azul→Gol,2534.0978147509177,2,POJ → CNF → GRU → ROS,BR,AR
ROS,POJ,Gol→Azul,2534.0978147509177,2,ROS → GRU → CNF → POJ,AR,BR
DIQ,COR,Azul→Gol,2562.9680036254467,2,DIQ → CNF → GRU → COR,BR,AR
COR,DIQ,Gol→Azul,2562.9680036254467,2,COR → GRU → CNF → DIQ,AR,BR
IPN,COR,Azul→Gol,2601.798005275813,2,IPN → CNF → GRU → COR,BR,AR
COR,IPN,Gol→Azul,2601.798005275813,2,COR → GRU → CNF → IPN,AR,BR
POJ,VVI,Azul→Gol,2630.078173757711,2,POJ → CNF → GRU → VVI,BR,BO
VVI,POJ,Gol→Azul,2630.078173757711,2,VVI → GRU → CNF → POJ,BO,BR
VVI,UMU,Gol→Azul,2667.069386183597,3,VVI → GRU → CGH → CWB → UMU,BO,BR
UMU,VVI,Azul→Gol,2667.069386183597,3,UMU → CWB → CGH → GRU → VVI,BR,BO
POJ,COR,Azul→Gol,2736.4888875614297,2,POJ → CNF → GRU → COR,BR,AR
COR,POJ,Gol→Azul,2736.4888875614297,2,COR → GRU → CNF → POJ,AR,BR
PDP,VVI,Azul→Gol,3362.965667590532,2,PDP → POA → GRU → VVI,UY,BO
VVI,PDP,Gol→Azul,3362.965667590532,2,VVI → GRU → POA → PDP,BO,UY
UNA,AEP,Azul→Gol,3425.7431866676734,2,UNA → SSA → CGH → AEP,BR,AR
AEP,UNA,Gol→Azul,3425.7431866676734,2,AEP → CGH → SSA → UNA,AR,BR
UNA,EZE,Azul→Gol,3454.454638098172,2,UNA → SSA → CGH → EZE,BR,AR
EZE,UNA,Gol→Azul,3454.454638098172,2,EZE → CGH → SSA → UNA,AR,BR
ROS,UNA,Gol→Azul,3484.5411006228223,2,ROS → GRU → SSA → UNA,AR,BR
UNA,ROS,Azul→Gol,3484.541100622823,2,UNA → SSA → GRU → ROS,BR,AR
OIA,AEP,Azul→Gol,3523.047073949593,2,OIA → BSB → POA → AEP,BR,AR
AEP,OIA,Gol→Azul,3523.047073949593,2,AEP → POA → BSB → OIA,AR,BR
OIA,EZE,Azul→Gol,3549.517397338417,2,OIA → BSB → POA → EZE,BR,AR
EZE,OIA,Gol→Azul,3549.517397338417,2,EZE → POA → BSB → OIA,AR,BR
DIQ,CZS,Azul→Gol,3560.2586150794323,2,DIQ → CNF → BSB → CZS,BR,BR
CZS,DIQ,Gol→Azul,3560.2586150794323,2,CZS → BSB → CNF → DIQ,BR,BR
UNA,VVI,Azul→Gol,3580.5214596296164,2,UNA → SSA → GRU → VVI,BR,BO
VVI,UNA,Gol→Azul,3580.5214596296164,2,VVI → GRU → SSA → UNA,BO,BR
IPN,CZS,Azul→Gol,3599.088616729798,2,IPN → CNF → BSB → CZS,BR,BR
CZS,IPN,Gol→Azul,3599.0886167297986,2,CZS → BSB → CNF → IPN,BR,BR
OIA,ROS,Azul→Gol,3642.2427880068026,2,OIA → BSB → POA → ROS,BR,AR
ROS,OIA,Gol→Azul,3642.2427880068026,2,ROS → POA → BSB → OIA,AR,BR
COR,UNA,Gol→Azul,3686.9321734333344,2,COR → GRU → SSA → UNA,AR,BR
UNA,COR,Azul→Gol,3686.932173433335,2,UNA → SSA → GRU → COR,BR,AR
POJ,CZS,Azul→Gol,3733.7794990154152,2,POJ → CNF → BSB → CZS,BR,BR
CZS,POJ,Gol→Azul,3733.7794990154152,2,CZS → BSB → CNF → POJ,BR,BR
OIA,VVI,Azul→Gol,3771.107182865228,2,OIA → BSB → GRU → VVI,BR,BO
VVI,OIA,Gol→Azul,3771.107182865229,2,VVI → GRU → BSB → OIA,BO,BR
AQA,CZS,Azul→Gol,3821.381837360596,2,AQA → VCP → BSB → CZS,BR,BR
CZS,AQA,Gol→Azul,3821.381837360596,2,CZS → BSB → VCP → AQA,BR,BR
OIA,COR,Azul→Gol,3868.9198982507473,2,OIA → BSB → CGH → COR,BR,AR
COR,OIA,Gol→Azul,3868.919898250748,2,COR → CGH → BSB → OIA,AR,BR
JTC,CZS,Azul→Gol,3874.209341883928,2,JTC → VCP → BSB → CZS,BR,BR
CZS,JTC,Gol→Azul,3874.209341883928,2,CZS → BSB → VCP → JTC,BR,BR
OIA,CZS,Azul→Gol,3925.7810411017153,1,OIA → BSB → CZS,BR,BR
CZS,OIA,Gol→Azul,3925.7810411017153,1,CZS → BSB → OIA,BR,BR
FRC,CZS,Azul→Gol,3929.0001548587466,2,FRC → VCP → BSB → CZS,BR,BR
CZS,FRC,Gol→Azul,3929.0001548587466,2,CZS → BSB → VCP → FRC,BR,BR
MII,CZS,Azul→Gol,3954.653869558991,2,MII → VCP → BSB → CZS,BR,BR
CZS,MII,Gol→Azul,3954.653869558991,2,CZS → BSB → VCP → MII,BR,BR
QGP,AEP,Azul→Gol,3982.387508906164,2,QGP → REC → CGH → AEP,BR,AR
AEP,QGP,Gol→Azul,3982.387508906164,2,AEP → CGH → REC → QGP,AR,BR
OAL,AEP,Azul→Gol,4000.868074985156,2,OAL → BSB → POA → AEP,BR,AR
AEP,OAL,Gol→Azul,4000.868074985156,2,AEP → POA → BSB → OAL,AR,BR
QGP,EZE,Azul→Gol,4011.0989603366615,2,QGP → REC → CGH → EZE,BR,AR
EZE,QGP,Gol→Azul,4011.0989603366615,2,EZE → CGH → REC → QGP,AR,BR
ITB,AEP,Azul→Gol,4015.810852671007,2,ITB → BSB → POA → AEP,BR,AR
AEP,ITB,Gol→Azul,4015.810852671007,2,AEP → POA → BSB → ITB,AR,BR
OAL,EZE,Azul→Gol,4027.33839837398,2,OAL → BSB → POA → EZE,BR,AR
EZE,OAL,Gol→Azul,4027.33839837398,2,EZE → POA → BSB → OAL,AR,BR
QGP,ROS,Azul→Gol,4041.183817804581,2,QGP → REC → GRU → ROS,BR,AR
ROS,QGP,Gol→Azul,4041.183817804581,2,ROS → GRU → REC → QGP,AR,BR
ITB,EZE,Azul→Gol,4042.281176059831,2,ITB → BSB → POA → EZE,BR,AR
EZE,ITB,Gol→Azul,4042.281176059831,2,EZE → POA → BSB → ITB,AR,BR
OAL,ROS,Azul→Gol,4120.063789042365,2,OAL → BSB → POA → ROS,BR,AR
ROS,OAL,Gol→Azul,4120.063789042365,2,ROS → POA → BSB → OAL,AR,BR
ITB,ROS,Azul→Gol,4135.006566728216,2,ITB → BSB → POA → ROS,BR,AR
ROS,ITB,Gol→Azul,4135.006566728216,2,ROS → POA → BSB → ITB,AR,BR
QGP,VVI,Azul→Gol,4137.164176811375,2,QGP → REC → GRU → VVI,BR,BO
VVI,QGP,Gol→Azul,4137.164176811375,2,VVI → GRU → REC → QGP,BO,BR
UNA,CZS,Azul→Gol,4220.360891258584,2,UNA → SSA → BSB → CZS,BR,BR
CZS,UNA,Gol→Azul,4220.360891258584,2,CZS → BSB → SSA → UNA,BR,BR
QGP,COR,Azul→Gol,4243.574890615093,2,QGP → REC → GRU → COR,BR,AR
COR,QGP,Gol→Azul,4243.574890615093,2,COR → GRU → REC → QGP,AR,BR
OAL,VVI,Azul→Gol,4248.928183900791,2,OAL → BSB → GRU → VVI,BR,BO
VVI,OAL,Gol→Azul,4248.928183900791,2,VVI → GRU → BSB → OAL,BO,BR
ITB,VVI,Azul→Gol,4263.870961586641,2,ITB → BSB → GRU → VVI,BR,BO
VVI,ITB,Gol→Azul,4263.870961586642,2,VVI → GRU → BSB → ITB,BO,BR
OAL,COR,Azul→Gol,4346.74089928631,2,OAL → BSB → CGH → COR,BR,AR
COR,OAL,Gol→Azul,4346.74089928631,2,COR → CGH → BSB → OAL,AR,BR
ITB,COR,Azul→Gol,4361.683676972161,2,ITB → BSB → CGH → COR,BR,AR
COR,ITB,Gol→Azul,4361.683676972161,2,COR → CGH → BSB → ITB,AR,BR
AEP,CJZ,Gol→Azul,4383.464277905948,2,AEP → CGH → FOR → CJZ,AR,BR
CJZ,AEP,Azul→Gol,4383.464277905949,2,CJZ → FOR → CGH → AEP,BR,AR
UMU,CZS,Azul→Gol,4399.518682222936,2,UMU → CWB → BSB → CZS,BR,BR
CZS,UMU,Gol→Azul,4399.518682222936,2,CZS → BSB → CWB → UMU,BR,BR
OAL,CZS,Azul→Gol,4403.602042137278,1,OAL → BSB → CZS,BR,BR
CZS,OAL,Gol→Azul,4403.602042137278,1,CZS → BSB → OAL,BR,BR
CJZ,BOG,Azul→Gol,4411.744518853243,1,CJZ → FOR → BOG,BR,CO
BOG,CJZ,Gol→Azul,4411.744518853243,1,BOG → FOR → CJZ,CO,BR
CJZ,EZE,Azul→Gol,4412.175729336446,2,CJZ → FOR → CGH → EZE,BR,AR
EZE,CJZ,Gol→Azul,4412.175729336446,2,EZE → CGH → FOR → CJZ,AR,BR
ITB,CZS,Azul→Gol,4418.544819823129,1,ITB → BSB → CZS,BR,BR
CZS,ITB,Gol→Azul,4418.544819823129,1,CZS → BSB → ITB,BR,BR
ROS,CJZ,Gol→Azul,4442.568590176367,2,ROS → CGH → FOR → CJZ,AR,BR
CJZ,ROS,Azul→Gol,4442.568590176368,2,CJZ → FOR → CGH → ROS,BR,AR
VVI,CJZ,Gol→Azul,4539.590415660327,2,VVI → GRU → FOR → CJZ,BO,BR
CJZ,VVI,Azul→Gol,4539.590415660328,2,CJZ → FOR → GRU → VVI,BR,BO
CIZ,AEP,Azul→Gol,4572.25575989356,2,CIZ → BSB → POA → AEP,BR,AR
AEP,CIZ,Gol→Azul,4572.25575989356,2,AEP → POA → BSB → CIZ,AR,BR
AQA,BOG,Azul→Gol,4585.47469352847,2,AQA → VCP → GRU → BOG,BR,CO
BOG,AQA,Gol→Azul,4585.47469352847,2,BOG → GRU → VCP → AQA,CO,BR
CIZ,EZE,Azul→Gol,4598.726083282384,2,CIZ → BSB → POA → EZE,BR,AR
EZE,CIZ,Gol→Azul,4598.726083282384,2,EZE → POA → BSB → CIZ,AR,BR
BOG,JTC,Gol→Azul,4638.3021980518015,2,BOG → GRU → VCP → JTC,CO,BR
JTC,BOG,Azul→Gol,4638.302198051802,2,JTC → VCP → GRU → BOG,BR,CO
COR,CJZ,Gol→Azul,4646.001129464045,2,COR → GRU → FOR → CJZ,AR,BR
CJZ,COR,Azul→Gol,4646.001129464046,2,CJZ → FOR → GRU → COR,BR,AR
ROS,CIZ,Gol→Azul,4691.451473950769,2,ROS → POA → BSB → CIZ,AR,BR
CIZ,ROS,Azul→Gol,4691.4514739507695,2,CIZ → BSB → POA → ROS,BR,AR
FRC,BOG,Azul→Gol,4693.093011026621,2,FRC → VCP → GRU → BOG,BR,CO
BOG,FRC,Gol→Azul,4693.093011026621,2,BOG → GRU → VCP → FRC,CO,BR
QGP,CZS,Azul→Gol,4698.155729454789,2,QGP → REC → BSB → CZS,BR,BR
CZS,QGP,Gol→Azul,4698.155729454789,2,CZS → BSB → REC → QGP,BR,BR
MII,BOG,Azul→Gol,4718.746725726865,2,MII → VCP → GRU → BOG,BR,CO
BOG,MII,Gol→Azul,4718.746725726865,2,BOG → GRU → VCP → MII,CO,BR
CIZ,VVI,Azul→Gol,4820.315868809195,2,CIZ → BSB → GRU → VVI,BR,BO
VVI,CIZ,Gol→Azul,4820.315868809195,2,VVI → GRU → BSB → CIZ,BO,BR
CJZ,CZS,Azul→Gol,4892.762702917072,2,CJZ → FOR → BSB → CZS,BR,BR
CZS,CJZ,Gol→Azul,4892.762702917072,2,CZS → BSB → FOR → CJZ,BR,BR
CIZ,COR,Azul→Gol,4918.128584194714,2,CIZ → BSB → CGH → COR,BR,AR
COR,CIZ,Gol→Azul,4918.128584194714,2,COR → CGH → BSB → CIZ,AR,BR
DIQ,BOG,Azul→Gol,4944.394458893493,2,DIQ → CNF → GRU → BOG,BR,CO
BOG,DIQ,Gol→Azul,4944.394458893493,2,BOG → GRU → CNF → DIQ,CO,BR
CIZ,CZS,Azul→Gol,4974.989727045682,1,CIZ → BSB → CZS,BR,BR
CZS,CIZ,Gol→Azul,4974.989727045682,1,CZS → BSB → CIZ,BR,BR
IPN,BOG,Azul→Gol,4983.224460543859,2,IPN → CNF → GRU → BOG,BR,CO
BOG,IPN,Gol→Azul,4983.224460543859,2,BOG → GRU → CNF → IPN,CO,BR
AQA,AUA,Azul→Gol,4995.7348276677885,2,AQA → VCP → GRU → AUA,BR,AW
AUA,AQA,Gol→Azul,4995.7348276677885,2,AUA → GRU → VCP → AQA,AW,BR
AUA,JTC,Gol→Azul,5048.56233219112,2,AUA → GRU → VCP → JTC,AW,BR
JTC,AUA,Azul→Gol,5048.562332191121,2,JTC → VCP → GRU → AUA,BR,AW
FRC,AUA,Azul→Gol,5103.353145165939,2,FRC → VCP → GRU → AUA,BR,AW
AUA,FRC,Gol→Azul,5103.353145165939,2,AUA → GRU → VCP → FRC,AW,BR
CZS,PDP,Gol→Azul,5112.546772978706,2,CZS → BSB → POA → PDP,BR,UY
PDP,CZS,Azul→Gol,5112.546772978707,2,PDP → POA → BSB → CZS,UY,BR
POJ,BOG,Azul→Gol,5117.915342829476,2,POJ → CNF → GRU → BOG,BR,CO
BOG,POJ,Gol→Azul,5117.915342829476,2,BOG → GRU → CNF → POJ,CO,BR
MII,AUA,Azul→Gol,5129.006859866184,2,MII → VCP → GRU → AUA,BR,AW
AUA,MII,Gol→Azul,5129.006859866184,2,AUA → GRU → VCP → MII,AW,BR
UMU,BOG,Azul→Gol,5154.906555255362,3,UMU → CWB → CGH → GRU → BOG,BR,CO
BOG,UMU,Gol→Azul,5154.906555255362,3,BOG → GRU → CGH → CWB → UMU,CO,BR
SJL,AEP,Azul→Gol,5181.467346588875,2,SJL → BSB → POA → AEP,BR,AR
AEP,SJL,Gol→Azul,5181.467346588875,2,AEP → POA → BSB → SJL,AR,BR
SJL,EZE,Azul→Gol,5207.937669977699,2,SJL → BSB → POA → EZE,BR,AR
EZE,SJL,Gol→Azul,5207.9376699777,2,EZE → POA → BSB → SJL,AR,BR
SJL,ROS,Azul→Gol,5300.663060646085,2,SJL → BSB → POA → ROS,BR,AR
ROS,SJL,Gol→Azul,5300.663060646085,2,ROS → POA → BSB → SJL,AR,BR
DIQ,AUA,Azul→Gol,5354.654593032811,2,DIQ → CNF → GRU → AUA,BR,AW
AUA,DIQ,Gol→Azul,5354.654593032811,2,AUA → GRU → CNF → DIQ,AW,BR
IPN,AUA,Azul→Gol,5393.484594683177,2,IPN → CNF → GRU → AUA,BR,AW
AUA,IPN,Gol→Azul,5393.484594683177,2,AUA → GRU → CNF → IPN,AW,BR
SJL,VVI,Azul→Gol,5429.527455504511,2,SJL → BSB → GRU → VVI,BR,BO
VVI,SJL,Gol→Azul,5429.527455504511,2,VVI → GRU → BSB → SJL,BO,BR
AQA,PUJ,Azul→Gol,5490.068787100989,2,AQA → VCP → GRU → PUJ,BR,DO
PUJ,AQA,Gol→Azul,5490.068787100989,2,PUJ → GRU → VCP → AQA,DO,BR
SJL,COR,Azul→Gol,5527.34017089003,2,SJL → BSB → CGH → COR,BR,AR
COR,SJL,Gol→Azul,5527.34017089003,2,COR → CGH → BSB → SJL,AR,BR
POJ,AUA,Azul→Gol,5528.175476968794,2,POJ → CNF → GRU → AUA,BR,AW
AUA,POJ,Gol→Azul,5528.175476968794,2,AUA → GRU → CNF → POJ,AW,BR
PUJ,JTC,Gol→Azul,5542.89629162432,2,PUJ → GRU → VCP → JTC,DO,BR
JTC,PUJ,Azul→Gol,5542.896291624321,2,JTC → VCP → GRU → PUJ,BR,DO
UMU,AUA,Azul→Gol,5565.16668939468,3,UMU → CWB → CGH → GRU → AUA,BR,AW
AUA,UMU,Gol→Azul,5565.16668939468,3,AUA → GRU → CGH → CWB → UMU,AW,BR
SJL,CZS,Azul→Gol,5584.201313740998,1,SJL → BSB → CZS,BR,BR
CZS,SJL,Gol→Azul,5584.201313740998,1,CZS → BSB → SJL,BR,BR
FRC,PUJ,Azul→Gol,5597.687104599139,2,FRC → VCP → GRU → PUJ,BR,DO
PUJ,FRC,Gol→Azul,5597.687104599139,2,PUJ → GRU → VCP → FRC,DO,BR
MII,PUJ,Azul→Gol,5623.340819299384,2,MII → VCP → GRU → PUJ,BR,DO
PUJ,MII,Gol→Azul,5623.340819299384,2,PUJ → GRU → VCP → MII,DO,BR
AEP,MEU,Gol→Azul,5633.004747325066,2,AEP → CGH → FOR → MEU,AR,BR
MEU,AEP,Azul→Gol,5633.004747325067,2,MEU → FOR → CGH → AEP,BR,AR
MEU,BOG,Azul→Gol,5661.284988272361,1,MEU → FOR → BOG,BR,CO
BOG,MEU,Gol→Azul,5661.284988272361,1,BOG → FOR → MEU,CO,BR
MEU,EZE,Azul→Gol,5661.716198755565,2,MEU → FOR → CGH → EZE,BR,AR
EZE,MEU,Gol→Azul,5661.716198755565,2,EZE → CGH → FOR → MEU,AR,BR
ROS,MEU,Gol→Azul,5692.109059595486,2,ROS → CGH → FOR → MEU,AR,BR
MEU,ROS,Azul→Gol,5692.109059595487,2,MEU → FOR → CGH → ROS,BR,AR
VVI,MEU,Gol→Azul,5789.130885079446,2,VVI → GRU → FOR → MEU,BO,BR
MEU,VVI,Azul→Gol,5789.130885079447,2,MEU → FOR → GRU → VVI,BR,BO
DIQ,PUJ,Azul→Gol,5848.988552466011,2,DIQ → CNF → GRU → PUJ,BR,DO
PUJ,DIQ,Gol→Azul,5848.988552466011,2,PUJ → GRU → CNF → DIQ,DO,BR
BOG,PDP,Gol→Azul,5850.802836662296,2,BOG → GRU → POA → PDP,CO,UY
PDP,BOG,Azul→Gol,5850.802836662297,2,PDP → POA → GRU → BOG,UY,CO
IPN,PUJ,Azul→Gol,5887.818554116377,2,IPN → CNF → GRU → PUJ,BR,DO
PUJ,IPN,Gol→Azul,5887.8185541163775,2,PUJ → GRU → CNF → IPN,DO,BR
COR,MEU,Gol→Azul,5895.541598883164,2,COR → GRU → FOR → MEU,AR,BR
MEU,COR,Azul→Gol,5895.541598883165,2,MEU → FOR → GRU → COR,BR,AR
CJZ,MIA,Azul→Gol,5914.670032240563,1,CJZ → FOR → MIA,BR,US
MIA,CJZ,Gol→Azul,5914.670032240563,1,MIA → FOR → CJZ,US,BR
POJ,PUJ,Azul→Gol,6022.509436401994,2,POJ → CNF → GRU → PUJ,BR,DO
PUJ,POJ,Gol→Azul,6022.509436401994,2,PUJ → GRU → CNF → POJ,DO,BR
UMU,PUJ,Azul→Gol,6059.5006488278805,3,UMU → CWB → CGH → GRU → PUJ,BR,DO
PUJ,UMU,Gol→Azul,6059.5006488278805,3,PUJ → GRU → CGH → CWB → UMU,DO,BR
UNA,BOG,Azul→Gol,6068.35862870138,2,UNA → SSA → GRU → BOG,BR,CO
BOG,UNA,Gol→Azul,6068.35862870138,2,BOG → GRU → SSA → UNA,CO,BR
MEU,CZS,Azul→Gol,6142.30317233619,2,MEU → FOR → BSB → CZS,BR,BR
CZS,MEU,Gol→Azul,6142.30317233619,2,CZS → BSB → FOR → MEU,BR,BR
OIA,BOG,Azul→Gol,6258.9443519369925,2,OIA → BSB → GRU → BOG,BR,CO
BOG,OIA,Gol→Azul,6258.9443519369925,2,BOG → GRU → BSB → OIA,CO,BR
AUA,PDP,Gol→Azul,6261.062970801614,2,AUA → GRU → POA → PDP,AW,UY
PDP,AUA,Azul→Gol,6261.062970801615,2,PDP → POA → GRU → AUA,UY,AW
UNA,AUA,Azul→Gol,6478.618762840699,2,UNA → SSA → GRU → AUA,BR,AW
AUA,UNA,Gol→Azul,6478.618762840699,2,AUA → GRU → SSA → UNA,AW,BR
QGP,BOG,Azul→Gol,6625.001345883139,2,QGP → REC → GRU → BOG,BR,CO
BOG,QGP,Gol→Azul,6625.001345883139,2,BOG → GRU → REC → QGP,CO,BR
OIA,AUA,Azul→Gol,6669.204486076311,2,OIA → BSB → GRU → AUA,BR,AW
AUA,OIA,Gol→Azul,6669.204486076311,2,AUA → GRU → BSB → OIA,AW,BR
BOG,OAL,Gol→Azul,6736.765352972555,2,BOG → GRU → BSB → OAL,CO,BR
OAL,BOG,Azul→Gol,6736.765352972556,2,OAL → BSB → GRU → BOG,BR,CO
ITB,BOG,Azul→Gol,6751.708130658406,2,ITB → BSB → GRU → BOG,BR,CO
BOG,ITB,Gol→Azul,6751.708130658406,2,BOG → GRU → BSB → ITB,CO,BR
PDP,PUJ,Azul→Gol,6755.396930234814,2,PDP → POA → GRU → PUJ,UY,DO
PUJ,PDP,Gol→Azul,6755.396930234814,2,PUJ → GRU → POA → PDP,DO,UY
AQA,MIA,Azul→Gol,6823.018921509507,2,AQA → VCP → GRU → MIA,BR,US
MIA,AQA,Gol→Azul,6823.018921509507,2,MIA → GRU → VCP → AQA,US,BR
MIA,JTC,Gol→Azul,6875.846426032838,2,MIA → GRU → VCP → JTC,US,BR
JTC,MIA,Azul→Gol,6875.846426032839,2,JTC → VCP → GRU → MIA,BR,US
FRC,MIA,Azul→Gol,6930.637239007658,2,FRC → VCP → GRU → MIA,BR,US
MIA,FRC,Gol→Azul,6930.637239007658,2,MIA → GRU → VCP → FRC,US,BR
MII,MIA,Azul→Gol,6956.290953707902,2,MII → VCP → GRU → MIA,BR,US
MIA,MII,Gol→Azul,6956.290953707902,2,MIA → GRU → VCP → MII,US,BR
PUJ,UNA,Gol→Azul,6972.952722273899,2,PUJ → GRU → SSA → UNA,DO,BR
UNA,PUJ,Azul→Gol,6972.9527222739,2,UNA → SSA → GRU → PUJ,BR,DO
QGP,AUA,Azul→Gol,7035.261480022457,2,QGP → REC → GRU → AUA,BR,AW
AUA,QGP,Gol→Azul,7035.261480022457,2,AUA → GRU → REC → QGP,AW,BR
AUA,OAL,Gol→Azul,7147.025487111873,2,AUA → GRU → BSB → OAL,AW,BR
OAL,AUA,Azul→Gol,7147.025487111874,2,OAL → BSB → GRU → AUA,BR,AW
ITB,AUA,Azul→Gol,7161.968264797724,2,ITB → BSB → GRU → AUA,BR,AW
AUA,ITB,Gol→Azul,7161.968264797724,2,AUA → GRU → BSB → ITB,AW,BR
OIA,PUJ,Azul→Gol,7163.538445509511,2,OIA → BSB → GRU → PUJ,BR,DO
PUJ,OIA,Gol→Azul,7163.538445509511,2,PUJ → GRU → BSB → OIA,DO,BR
MEU,MIA,Azul→Gol,7164.2105016596815,1,MEU → FOR → MIA,BR,US
MIA,MEU,Gol→Azul,7164.2105016596815,1,MIA → FOR → MEU,US,BR
DIQ,MIA,Azul→Gol,7181.93868687453,2,DIQ → CNF → GRU → MIA,BR,US
MIA,DIQ,Gol→Azul,7181.93868687453,2,MIA → GRU → CNF → DIQ,US,BR
IPN,MIA,Azul→Gol,7220.768688524895,2,IPN → CNF → GRU → MIA,BR,US
MIA,IPN,Gol→Azul,7220.768688524896,2,MIA → GRU → CNF → IPN,US,BR
BOG,CIZ,Gol→Azul,7308.153037880958,2,BOG → GRU → BSB → CIZ,CO,BR
CIZ,BOG,Azul→Gol,7308.153037880959,2,CIZ → BSB → GRU → BOG,BR,CO
POJ,MIA,Azul→Gol,7355.459570810513,2,POJ → CNF → GRU → MIA,BR,US
MIA,POJ,Gol→Azul,7355.459570810513,2,MIA → GRU → CNF → POJ,US,BR
UMU,MIA,Azul→Gol,7392.450783236399,3,UMU → CWB → CGH → GRU → MIA,BR,US
MIA,UMU,Gol→Azul,7392.450783236399,3,MIA → GRU → CGH → CWB → UMU,US,BR
CJZ,AUA,Azul→Gol,7437.687718871411,2,CJZ → FOR → GRU → AUA,BR,AW
AUA,CJZ,Gol→Azul,7437.687718871411,2,AUA → GRU → FOR → CJZ,AW,BR
QGP,PUJ,Azul→Gol,7529.5954394556575,2,QGP → REC → GRU → PUJ,BR,DO
PUJ,QGP,Gol→Azul,7529.5954394556575,2,PUJ → GRU → REC → QGP,DO,BR
OAL,PUJ,Azul→Gol,7641.359446545073,2,OAL → BSB → GRU → PUJ,BR,DO
PUJ,OAL,Gol→Azul,7641.359446545073,2,PUJ → GRU → BSB → OAL,DO,BR
ITB,PUJ,Azul→Gol,7656.302224230924,2,ITB → BSB → GRU → PUJ,BR,DO
PUJ,ITB,Gol→Azul,7656.302224230924,2,PUJ → GRU → BSB → ITB,DO,BR
AUA,CIZ,Gol→Azul,7718.413172020277,2,AUA → GRU → BSB → CIZ,AW,BR
CIZ,AUA,Azul→Gol,7718.413172020278,2,CIZ → BSB → GRU → AUA,BR,AW
BOG,SJL,Gol→Azul,7917.364624576275,2,BOG → GRU → BSB → SJL,CO,BR
SJL,BOG,Azul→Gol,7917.364624576276,2,SJL → BSB → GRU → BOG,BR,CO
PUJ,CJZ,Gol→Azul,7932.02167830461,2,PUJ → GRU → FOR → CJZ,DO,BR
CJZ,PUJ,Azul→Gol,7932.021678304611,2,CJZ → FOR → GRU → PUJ,BR,DO
PDP,MIA,Azul→Gol,8088.347064643332,2,PDP → POA → GRU → MIA,UY,US
MIA,PDP,Gol→Azul,8088.347064643332,2,MIA → GRU → POA → PDP,US,UY
CIZ,PUJ,Azul→Gol,8212.747131453478,2,CIZ → BSB → GRU → PUJ,BR,DO
PUJ,CIZ,Gol→Azul,8212.747131453478,2,PUJ → GRU → BSB → CIZ,DO,BR
FLL,AEP,Azul→Gol,8235.058879074251,2,FLL → VCP → POA → AEP,US,AR
AEP,FLL,Gol→Azul,8235.058879074251,2,AEP → POA → VCP → FLL,AR,US
FLL,EZE,Azul→Gol,8261.529202463076,2,FLL → VCP → POA → EZE,US,AR
EZE,FLL,Gol→Azul,8261.529202463076,2,EZE → POA → VCP → FLL,AR,US
UNA,MIA,Azul→Gol,8305.902856682418,2,UNA → SSA → GRU → MIA,BR,US
MIA,UNA,Gol→Azul,8305.902856682418,2,MIA → GRU → SSA → UNA,US,BR
FLL,ROS,Azul→Gol,8321.048949645372,2,FLL → VCP → CGH → ROS,US,AR
ROS,FLL,Gol→Azul,8321.048949645372,2,ROS → CGH → VCP → FLL,AR,US
AUA,SJL,Gol→Azul,8327.624758715592,2,AUA → GRU → BSB → SJL,AW,BR
SJL,AUA,Azul→Gol,8327.624758715594,2,SJL → BSB → GRU → AUA,BR,AW
OIA,MIA,Azul→Gol,8328.731747790289,2,OIA → BSB → FOR → MIA,BR,US
MIA,OIA,Gol→Azul,8328.731747790289,2,MIA → FOR → BSB → OIA,US,BR
FLL,VVI,Azul→Gol,8442.500761435707,2,FLL → VCP → GRU → VVI,US,BO
VVI,FLL,Gol→Azul,8442.500761435707,2,VVI → GRU → VCP → FLL,BO,US
FLL,COR,Azul→Gol,8524.582926672494,2,FLL → VCP → CGH → COR,US,AR
COR,FLL,Gol→Azul,8524.582926672496,2,COR → CGH → VCP → FLL,AR,US
MEU,AUA,Azul→Gol,8687.22818829053,2,MEU → FOR → GRU → AUA,BR,AW
AUA,MEU,Gol→Azul,8687.22818829053,2,AUA → GRU → FOR → MEU,AW,BR
OAL,MIA,Azul→Gol,8806.552748825852,2,OAL → BSB → FOR → MIA,BR,US
MIA,OAL,Gol→Azul,8806.552748825852,2,MIA → FOR → BSB → OAL,US,BR
ITB,MIA,Azul→Gol,8821.495526511702,2,ITB → BSB → FOR → MIA,BR,US
MIA,ITB,Gol→Azul,8821.495526511702,2,MIA → FOR → BSB → ITB,US,BR
SJL,PUJ,Azul→Gol,8821.958718148793,2,SJL → BSB → GRU → PUJ,BR,DO
PUJ,SJL,Gol→Azul,8821.958718148793,2,PUJ → GRU → BSB → SJL,DO,BR
QGP,MIA,Azul→Gol,8862.545573864176,2,QGP → REC → GRU → MIA,BR,US
MIA,QGP,Gol→Azul,8862.545573864176,2,MIA → GRU → REC → QGP,US,BR
MEU,PUJ,Azul→Gol,9181.56214772373,2,MEU → FOR → GRU → PUJ,BR,DO
PUJ,MEU,Gol→Azul,9181.56214772373,2,PUJ → GRU → FOR → MEU,DO,BR
CIZ,MIA,Azul→Gol,9377.940433734257,2,CIZ → BSB → FOR → MIA,BR,US
MIA,CIZ,Gol→Azul,9377.940433734257,2,MIA → FOR → BSB → CIZ,US,BR
JMA,AEP,Azul→Gol,9546.859577524849,2,JMA → VCP → POA → AEP,US,AR
AEP,JMA,Gol→Azul,9546.859577524849,2,AEP → POA → VCP → JMA,AR,US
JMA,EZE,Azul→Gol,9573.329900913672,2,JMA → VCP → POA → EZE,US,AR
EZE,JMA,Gol→Azul,9573.329900913672,2,EZE → POA → VCP → JMA,AR,US
JMA,ROS,Azul→Gol,9632.849648095967,2,JMA → VCP → CGH → ROS,US,AR
ROS,JMA,Gol→Azul,9632.849648095967,2,ROS → CGH → VCP → JMA,AR,US
JMA,VVI,Azul→Gol,9754.301459886305,2,JMA → VCP → GRU → VVI,US,BO
VVI,JMA,Gol→Azul,9754.301459886305,2,VVI → GRU → VCP → JMA,BO,US
JMA,COR,Azul→Gol,9836.38362512309,2,JMA → VCP → CGH → COR,US,AR
COR,JMA,Gol→Azul,9836.383625123091,2,COR → CGH → VCP → JMA,AR,US
FLL,CZS,Azul→Gol,9857.68462828288,2,FLL → CNF → BSB → CZS,US,BR
CZS,FLL,Gol→Azul,9857.68462828288,2,CZS → BSB → CNF → FLL,BR,US
SJL,MIA,Azul→Gol,9987.15202042957,2,SJL → BSB → FOR → MIA,BR,US
MIA,SJL,Gol→Azul,9987.15202042957,2,MIA → FOR → BSB → SJL,US,BR
FLL,BOG,Azul→Gol,10930.337930507472,2,FLL → VCP → GRU → BOG,US,CO
BOG,FLL,Gol→Azul,10930.337930507472,2,BOG → GRU → VCP → FLL,CO,US
FLL,AUA,Azul→Gol,11340.59806464679,2,FLL → VCP → GRU → AUA,US,AW
AUA,FLL,Gol→Azul,11340.59806464679,2,AUA → GRU → VCP → FLL,AW,US
JMA,CZS,Azul→Gol,11478.045772790192,2,JMA → VCP → BSB → CZS,US,BR
CZS,JMA,Gol→Azul,11478.045772790194,2,CZS → BSB → VCP → JMA,BR,US
FLL,PUJ,Azul→Gol,11834.93202407999,2,FLL → VCP → GRU → PUJ,US,DO
PUJ,FLL,Gol→Azul,11834.93202407999,2,PUJ → GRU → VCP → FLL,DO,US
JMA,BOG,Azul→Gol,12242.138628958068,2,JMA → VCP → GRU → BOG,US,CO
BOG,JMA,Gol→Azul,12242.138628958068,2,BOG → GRU → VCP → JMA,CO,US
JMA,AUA,Azul→Gol,12652.398763097386,2,JMA → VCP → GRU → AUA,US,AW
AUA,JMA,Gol→Azul,12652.398763097386,2,AUA → GRU → VCP → JMA,AW,US
JMA,PUJ,Azul→Gol,13146.732722530583,2,JMA → VCP → GRU → PUJ,US,DO
PUJ,JMA,Gol→Azul,13146.732722530583,2,PUJ → GRU → VCP → JMA,DO,US
FLL,MIA,Azul→Gol,13167.882158488508,2,FLL → VCP → GRU → MIA,US,US
MIA,FLL,Gol→Azul,13167.882158488508,2,MIA → GRU → VCP → FLL,US,US
JMA,MIA,Azul→Gol,14479.682856939104,2,JMA → VCP → GRU → MIA,US,US
MIA,JMA,Gol→Azul,14479.682856939104,2,MIA → GRU → VCP → JMA,US,US
